Mar-16,CLH16,22-Feb-16
Apr-16,CLJ16,21-Mar-16
May-16,CLK16,20-Apr-16
Jun-16,CLM16,20-May-16
Jul-16,CLN16,21-Jun-16
Aug-16,CLQ16,20-Jul-16
Sep-16,CLU16,22-Aug-16
Oct-16,CLV16,20-Sep-16
Nov-16,CLX16,20-Oct-16
Dec-16,CLZ16,21-Nov-16
Jan-17,CLF17,20-Dec-16
Feb-17,CLG17,20-Jan-17
Mar-17,CLH17,21-Feb-17
Apr-17,CLJ17,21-Mar-17
May-17,CLK17,20-Apr-17
Jun-17,CLM17,22-May-17
Jul-17,CLN17,20-Jun-17
Aug-17,CLQ17,20-Jul-17
Sep-17,CLU17,22-Aug-17
Oct-17,CLV17,20-Sep-17
Nov-17,CLX17,20-Oct-17
Dec-17,CLZ17,20-Nov-17
Jan-18,CLF18,19-Dec-17
Feb-18,CLG18,22-Jan-18
Mar-18,CLH18,20-Feb-18
Apr-18,CLJ18,20-Mar-18
May-18,CLK18,20-Apr-18
Jun-18,CLM18,22-May-18
Jul-18,CLN18,20-Jun-18
Aug-18,CLQ18,20-Jul-18
Sep-18,CLU18,21-Aug-18
Oct-18,CLV18,20-Sep-18
Nov-18,CLX18,22-Oct-18
Dec-18,CLZ18,19-Nov-18
Jan-19,CLF19,19-Dec-18
Feb-19,CLG19,22-Jan-19
Mar-19,CLH19,20-Feb-19
Apr-19,CLJ19,20-Mar-19
May-19,CLK19,22-Apr-19
Jun-19,CLM19,21-May-19
Jul-19,CLN19,20-Jun-19
Aug-19,CLQ19,22-Jul-19
Sep-19,CLU19,20-Aug-19
Oct-19,CLV19,20-Sep-19
Nov-19,CLX19,22-Oct-19
Dec-19,CLZ19,20-Nov-19
Jan-20,CLF20,19-Dec-19
Feb-20,CLG20,21-Jan-20
Mar-20,CLH20,20-Feb-20
Apr-20,CLJ20,20-Mar-20
May-20,CLK20,21-Apr-20
Jun-20,CLM20,19-May-20
Jul-20,CLN20,22-Jun-20
Aug-20,CLQ20,21-Jul-20
Sep-20,CLU20,20-Aug-20
Oct-20,CLV20,22-Sep-20
Nov-20,CLX20,20-Oct-20
Dec-20,CLZ20,20-Nov-20
Jan-21,CLF21,21-Dec-20
Feb-21,CLG21,20-Jan-21
Mar-21,CLH21,22-Feb-21
Apr-21,CLJ21,22-Mar-21
May-21,CLK21,20-Apr-21
Jun-21,CLM21,20-May-21
Jul-21,CLN21,22-Jun-21
Aug-21,CLQ21,20-Jul-21
Sep-21,CLU21,20-Aug-21
Oct-21,CLV21,21-Sep-21
Nov-21,CLX21,20-Oct-21
Dec-21,CLZ21,19-Nov-21
Jun-22,CLM22,20-May-22
Dec-22,CLZ22,21-Nov-22
Jun-23,CLM23,22-May-23
Dec-23,CLZ23,20-Nov-23
Jun-24,CLM24,21-May-24
Dec-24,CLZ24,20-Nov-24